,Kode,Nama,Tanggal Pencatatan,Saham,Papan Pencatatan
0,AALI,Astra Agro Lestari Tbk.,09 Des 1997,1.924.688.333,UTAMA
1,ABBA,Mahaka Media Tbk.,03 Apr 2002,2.755.125.000,PENGEMBANGAN
2,ABDA,Asuransi Bina Dana Arta Tbk.,06 Jul 1989,620.806.680,PENGEMBANGAN
3,ABMM,ABM Investama Tbk.,06 Des 2011,2.753.165.000,UTAMA
4,ACES,Ace Hardware Indonesia Tbk.,06 Nov 2007,17.150.000.000,UTAMA
5,ACST,Acset Indonusa Tbk.,24 Jun 2013,700.000.000,UTAMA
6,ADES,Akasha Wira International Tbk.,13 Jun 1994,589.896.800,PENGEMBANGAN
7,ADHI,Adhi Karya (Persero) Tbk.,18 Mar 2004,3.560.849.376,UTAMA
8,ADMF,Adira Dinamika Multi Finance T,31 Mar 2004,1.000.000.000,UTAMA
9,ADMG,Polychem Indonesia Tbk,20 Okt 1993,3.889.179.559,UTAMA
10,ADRO,Adaro Energy Tbk.,16 Jul 2008,31.985.962.000,UTAMA
11,AGII,Aneka Gas Industri Tbk.,28 Sep 2016,3.066.660.000,
12,AGRO,Bank Rakyat Indonesia Agroniag,08 Ags 2003,21.129.857.328,UTAMA
13,AGRS,Bank Agris Tbk.,22 Des 2014,5.203.614.878,PENGEMBANGAN
14,AHAP,Asuransi Harta Aman Pratama Tb,14 Sep 1990,2.940.000.000,PENGEMBANGAN
15,AIMS,Akbar Indo Makmur Stimec Tbk,20 Jul 2001,220.000.000,PENGEMBANGAN
16,AISA,Tiga Pilar Sejahtera Food Tbk.,11 Jun 1997,3.218.600.000,UTAMA
17,AKKU,Anugerah Kagum Karya Utama Tbk,01 Nov 2004,6.449.463.636,PENGEMBANGAN
18,AKPI,Argha Karya Prima Industry Tbk,18 Des 1992,680.000.000,PENGEMBANGAN
19,AKRA,AKR Corporindo Tbk.,03 Okt 1994,4.014.694.920,UTAMA
20,AKSI,Majapahit Inti Corpora Tbk.,13 Jul 2001,720.000.000,PENGEMBANGAN
21,ALDO,Alkindo Naratama Tbk.,12 Jul 2011,550.000.000,PENGEMBANGAN
22,ALKA,Alakasa Industrindo Tbk,12 Jul 1990,507.665.055,PENGEMBANGAN
23,ALMI,Alumindo Light Metal Industry ,02 Jan 1997,616.000.000,PENGEMBANGAN
24,ALTO,Tri Banyan Tirta Tbk.,10 Jul 2012,2.191.870.558,UTAMA
25,AMAG,Asuransi Multi Artha Guna Tbk.,23 Des 2005,5.001.552.516,PENGEMBANGAN
26,AMFG,Asahimas Flat Glass Tbk.,08 Nov 1995,434.000.000,UTAMA
27,AMIN,Ateliers Mecaniques D Indonesi,10 Des 2015,1.080.000.000,PENGEMBANGAN
28,AMRT,Sumber Alfaria Trijaya Tbk.,15 Jan 2009,41.524.501.700,UTAMA
29,ANDI,Andira Agro Tbk.,16 Ags 2018,1.870.000.000,PENGEMBANGAN
30,ANJT,Austindo Nusantara Jaya Tbk.,08 Mei 2013,3.354.175.000,UTAMA
31,ANTM,Aneka Tambang Tbk.,27 Nov 1997,24.030.764.725,UTAMA
32,APEX,Apexindo Pratama Duta Tbk.,10 Jul 2002,2.659.850.000,UTAMA
33,APIC,Pacific Strategic Financial Tb,18 Des 2002,11.765.966.447,PENGEMBANGAN
34,APII,Arita Prima Indonesia Tbk.,29 Okt 2013,1.075.760.000,PENGEMBANGAN
35,APLI,Asiaplast Industries Tbk.,01 Mei 2000,1.362.671.400,UTAMA
36,APLN,Agung Podomoro Land Tbk.,11 Nov 2010,19.364.561.700,UTAMA
37,APOL,Arpeni Pratama Ocean Line Tbk.,22 Jun 2005,8.670.479.000,UTAMA
38,ARGO,Argo Pantes Tbk,07 Jan 1991,335.557.450,PENGEMBANGAN
39,ARII,Atlas Resources Tbk.,08 Nov 2011,3.000.000.000,PENGEMBANGAN
40,ARMY,Armidian Karyatama Tbk.,21 Jun 2017,8.187.500.000,PENGEMBANGAN
41,ARNA,Arwana Citramulia Tbk.,17 Jul 2001,7.341.430.976,UTAMA
42,ARTA,Arthavest Tbk,05 Nov 2002,446.674.175,PENGEMBANGAN
43,ARTI,Ratu Prabu Energi Tbk,30 Apr 2003,7.840.000.000,UTAMA
44,ARTO,Bank Artos Indonesia Tbk.,12 Jan 2016,1.194.187.500,PENGEMBANGAN
45,ASBI,Asuransi Bintang Tbk.,29 Nov 1989,348.386.472,PENGEMBANGAN
46,ASDM,Asuransi Dayin Mitra Tbk.,15 Des 1989,192.000.000,PENGEMBANGAN
47,ASGR,Astra Graphia Tbk.,15 Nov 1989,1.348.780.500,UTAMA
48,ASII,Astra International Tbk.,04 Apr 1990,40.483.553.140,UTAMA
49,ASJT,Asuransi Jasa Tania Tbk.,29 Des 2003,600.000.000,PENGEMBANGAN
50,ASMI,Asuransi Kresna Mitra Tbk.,16 Jan 2014,8.958.380.460,PENGEMBANGAN
51,ASRI,Alam Sutera Realty Tbk.,18 Des 2007,19.649.411.888,UTAMA
52,ASRM,Asuransi Ramayana Tbk.,19 Mar 1990,214.559.422,PENGEMBANGAN
53,ASSA,Adi Sarana Armada Tbk.,12 Nov 2012,3.397.500.000,UTAMA
54,ATIC,Anabatic Technologies Tbk.,08 Jul 2015,1.875.010.000,UTAMA
55,ATPK,Bara Jaya Internasional Tbk.,17 Apr 2002,5.760.245.414,PENGEMBANGAN
56,AUTO,Astra Otoparts Tbk.,15 Jun 1998,4.819.733.000,UTAMA
57,BABP,Bank MNC Internasional Tbk.,15 Jul 2002,21.567.203.082,PENGEMBANGAN
58,BACA,Bank Capital Indonesia Tbk.,04 Okt 2007,6.999.757.684,PENGEMBANGAN
59,BAJA,Saranacentral Bajatama Tbk.,21 Des 2011,1.800.000.000,PENGEMBANGAN
60,BALI,Bali Towerindo Sentra Tbk.,13 Mar 2014,3.664.476.700,PENGEMBANGAN
61,BAPA,Bekasi Asri Pemula Tbk.,14 Jan 2008,661.784.520,UTAMA
62,BATA,Sepatu Bata Tbk.,24 Mar 1982,1.300.000.000,UTAMA
63,BAYU,Bayu Buana Tbk,30 Okt 1989,353.220.780,PENGEMBANGAN
64,BBCA,Bank Central Asia Tbk.,31 Mei 2000,24.408.459.120,UTAMA
65,BBHI,Bank Harda Internasional Tbk.,12 Ags 2015,4.142.587.477,PENGEMBANGAN
66,BBKP,Bank Bukopin Tbk.,10 Jul 2006,11.535.389.661,UTAMA
67,BBLD,Buana Finance Tbk.,07 Mei 1990,1.645.796.054,PENGEMBANGAN
68,BBMD,Bank Mestika Dharma Tbk.,08 Jul 2013,4.049.189.100,UTAMA
69,BBNI,Bank Negara Indonesia (Persero,25 Nov 1996,18.462.169.893,UTAMA
70,BBNP,Bank Nusantara Parahyangan Tbk,10 Jan 2001,791.895.641,UTAMA
71,BBRI,Bank Rakyat Indonesia (Persero,10 Nov 2003,122.112.351.900,UTAMA
72,BBRM,Pelayaran Nasional Bina Buana ,09 Jan 2013,5.367.076.248,UTAMA
73,BBTN,Bank Tabungan Negara (Persero),17 Des 2009,10.484.100.000,UTAMA
74,BBYB,Bank Yudha Bhakti Tbk.,13 Jan 2015,5.148.129.999,UTAMA
75,BCAP,MNC Kapital Indonesia Tbk.,08 Jun 2001,38.531.387.216,UTAMA
76,BCIC,Bank JTrust Indonesia Tbk.,25 Jun 1997,9.912.003.256,PENGEMBANGAN
77,BCIP,Bumi Citra Permai Tbk.,11 Des 2009,1.429.915.525,PENGEMBANGAN
78,BDMN,Bank Danamon Indonesia Tbk.,06 Des 1989,9.488.796.931,UTAMA
79,BEKS,Bank Pembangunan Daerah Banten,13 Jul 2001,63.468.336.053,PENGEMBANGAN
80,BELL,Trisula Textile Industries Tbk,03 Okt 2017,1.450.000.000,PENGEMBANGAN
81,BEST,Bekasi Fajar Industrial Estate,10 Apr 2012,9.647.311.150,UTAMA
82,BFIN,BFI Finance  Indonesia Tbk.,16 Mei 1990,15.967.115.620,PENGEMBANGAN
83,BGTG,Bank Ganesha Tbk.,12 Mei 2016,11.063.309.400,PENGEMBANGAN
84,BHIT,MNC Investama Tbk.,24 Nov 1997,51.939.135.584,UTAMA
85,BIKA,Binakarya Jaya Abadi Tbk.,14 Jul 2015,592.280.000,PENGEMBANGAN
86,BIMA,Primarindo Asia Infrastructure,30 Ags 1994,608.175.716,PENGEMBANGAN
87,BINA,Bank Ina Perdana Tbk.,16 Jan 2014,5.597.831.250,PENGEMBANGAN
88,BIPI,Astrindo Nusantara Infrastrukt,11 Feb 2010,40.158.987.014,PENGEMBANGAN
89,BIPP,Bhuwanatala Indah Permai Tbk.,23 Okt 1995,5.028.669.338,PENGEMBANGAN
90,BIRD,Blue Bird Tbk.,05 Nov 2014,2.502.100.000,UTAMA
91,BISI,BISI International Tbk.,28 Mei 2007,3.000.000.000,UTAMA
92,BJBR,Bank Pembangunan Daerah Jawa B,08 Jul 2010,9.599.328.254,UTAMA
93,BJTM,Bank Pembangunan Daerah Jawa T,12 Jul 2012,14.828.353.632,UTAMA
94,BKDP,Bukit Darmo Property Tbk,15 Jun 2007,6.830.992.252,PENGEMBANGAN
95,BKSL,Sentul City Tbk.,28 Jul 1997,55.258.659.323,UTAMA
96,BKSW,Bank QNB Indonesia Tbk.,21 Nov 2002,20.232.319.124,PENGEMBANGAN
97,BLTA,Berlian Laju Tanker Tbk,26 Mar 1990,23.483.317.538,UTAMA
98,BLTZ,Graha Layar Prima Tbk.,10 Apr 2014,873.937.142,PENGEMBANGAN
99,BMAS,Bank Maspion Indonesia Tbk.,11 Jul 2013,4.399.026.922,PENGEMBANGAN
100,BMRI,Bank Mandiri (Persero) Tbk.,14 Jul 2003,46.199.999.998,UTAMA
101,BMSR,Bintang Mitra Semestaraya Tbk,29 Des 1999,1.159.200.024,UTAMA
102,BMTR,Global Mediacom Tbk.,17 Jul 1995,14.198.621.422,UTAMA
103,BNBA,Bank Bumi Arta Tbk.,01 Jun 2006,2.286.900.000,PENGEMBANGAN
104,BNBR,Bakrie & Brothers Tbk,28 Ags 1989,20.771.977.000,PENGEMBANGAN
105,BNGA,Bank CIMB Niaga Tbk.,29 Nov 1989,24.880.290.775,UTAMA
106,BNII,Bank Maybank Indonesia Tbk.,21 Nov 1989,75.357.433.911,UTAMA
107,BNLI,Bank Permata Tbk.,15 Jan 1990,27.762.311.813,UTAMA
108,BOGA,Bintang Oto Global Tbk.,19 Des 2016,3.803.247.640,PENGEMBANGAN
109,BOLT,Garuda Metalindo Tbk.,07 Jul 2015,2.343.750.000,PENGEMBANGAN
110,BORN,Borneo Lumbung Energi & Metal ,26 Nov 2010,17.693.000.000,PENGEMBANGAN
111,BOSS,Borneo Olah Sarana Sukses Tbk.,15 Feb 2018,1.400.000.000,PENGEMBANGAN
112,BPFI,Batavia Prosperindo Finance Tb,01 Jun 2009,1.782.663.575,PENGEMBANGAN
113,BPII,Batavia Prosperindo Internasio,08 Jul 2014,514.010.900,PENGEMBANGAN
114,BPTR,Batavia Prosperindo Trans Tbk.,09 Jul 2018,1.550.000.000,UTAMA
115,BRAM,Indo Kordsa Tbk.,05 Sep 1990,450.000.000,UTAMA
116,BRIS,Bank BRIsyariah Tbk.,01 Jan 1911,9.618.952.363,UTAMA
117,BRMS,Bumi Resources Minerals Tbk.,09 Des 2010,62.322.456.902,PENGEMBANGAN
118,BRNA,Berlina Tbk.,06 Nov 1989,979.110.000,PENGEMBANGAN
119,BRPT,Barito Pacific Tbk.,01 Okt 1993,17.791.586.878,UTAMA
120,BSDE,Bumi Serpong Damai Tbk.,06 Jun 2008,19.246.696.192,UTAMA
121,BSIM,Bank Sinarmas Tbk.,13 Des 2010,15.183.894.926,UTAMA
122,BSSR,Baramulti Suksessarana Tbk.,08 Nov 2012,2.616.500.000,PENGEMBANGAN
123,BSWD,Bank Of India Indonesia Tbk.,01 Mei 2002,1.374.912.000,PENGEMBANGAN
124,BTEK,Bumi Teknokultura Unggul Tbk,14 Mei 2004,46.277.496.376,PENGEMBANGAN
125,BTEL,Bakrie Telecom Tbk.,03 Feb 2006,36.773.904.635,UTAMA
126,BTON,Betonjaya Manunggal Tbk.,18 Jul 2001,720.000.000,PENGEMBANGAN
127,BTPN,Bank Tabungan Pensiunan Nasion,12 Mar 2008,5.790.936.274,UTAMA
128,BTPS,Bank Tabungan Pensiunan Nasion,08 Mei 2018,7.626.663.000,UTAMA
129,BUDI,Budi Starch & Sweetener Tbk.,08 Mei 1995,4.498.997.362,UTAMA
130,BUKK,Bukaka Teknik Utama Tbk.,29 Jun 2015,2.640.452.000,PENGEMBANGAN
131,BULL,Buana Lintas Lautan Tbk.,23 Mei 2011,7.298.983.130,UTAMA
132,BUMI,Bumi Resources Tbk.,30 Jul 1990,65.475.927.488,PENGEMBANGAN
133,BUVA,Bukit Uluwatu Villa Tbk.,12 Jul 2010,6.811.269.200,PENGEMBANGAN
134,BVIC,Bank Victoria International Tb,30 Jun 1999,8.592.141.624,UTAMA
135,BWPT,Eagle High Plantations Tbk.,27 Okt 2009,31.525.291.000,UTAMA
136,BYAN,Bayan Resources Tbk.,12 Ags 2008,3.333.333.500,UTAMA
137,CAKK,Cahayaputra Asa Keramik Tbk.,31 Okt 2018,1.203.300.000,PENGEMBANGAN
138,CAMP,Campina Ice Cream Industry Tbk,19 Des 2017,5.885.000.000,PENGEMBANGAN
139,CANI,Capitol Nusantara Indonesia Tb,16 Jan 2014,833.440.000,UTAMA
140,CARS,Industri dan Perdagangan Bintr,10 Apr 2017,1.500.000.000,PENGEMBANGAN
141,CASA,Capital Financial Indonesia Tb,19 Jul 2016,54.268.801.188,PENGEMBANGAN
142,CASS,Cardig Aero Services Tbk.,05 Des 2011,2.086.950.000,PENGEMBANGAN
143,CEKA,Wilmar Cahaya Indonesia Tbk.,09 Jul 1996,595.000.000,UTAMA
144,CENT,Centratama Telekomunikasi Indo,01 Nov 2001,31.183.464.900,PENGEMBANGAN
145,CFIN,Clipan Finance Indonesia Tbk.,02 Okt 1990,3.984.520.457,UTAMA
146,CINT,Chitose Internasional Tbk.,27 Jun 2014,1.000.000.000,PENGEMBANGAN
147,CITA,Cita Mineral Investindo Tbk.,20 Mar 2002,3.370.734.900,PENGEMBANGAN
148,CITY,Natura City Developments Tbk.,28 Sep 2018,5.400.000.000,UTAMA
149,CKRA,Cakra Mineral Tbk.,19 Mei 1999,5.106.021.090,PENGEMBANGAN
150,CLEO,Sariguna Primatirta Tbk.,05 Mei 2017,12.000.000.000,PENGEMBANGAN
151,CLPI,Colorpak Indonesia Tbk.,30 Nov 2001,306.338.500,PENGEMBANGAN
152,CMNP,Citra Marga Nusaphala Persada ,10 Jan 1995,3.620.831.944,UTAMA
153,CMPP,AirAsia Indonesia Tbk.,08 Des 1994,10.685.124.441,PENGEMBANGAN
154,CNKO,Exploitasi Energi Indonesia Tb,20 Nov 2001,8.956.361.206,UTAMA
155,CNTX,Century Textile Industry Tbk.,22 Mei 1979,70.000.000,PENGEMBANGAN
156,COWL,Cowell Development Tbk.,19 Des 2007,4.871.214.021,PENGEMBANGAN
157,CPIN,Charoen Pokphand Indonesia Tbk,18 Mar 1991,16.398.000.000,UTAMA
158,CPRO,Central Proteina Prima Tbk.,28 Nov 2006,59.572.382.787,UTAMA
159,CSAP,Catur Sentosa Adiprana Tbk.,12 Des 2007,4.458.352.920,UTAMA
160,CSIS,Cahayasakti Investindo Sukses ,10 Mei 2017,1.307.000.000,PENGEMBANGAN
161,CTBN,Citra Tubindo Tbk.,28 Nov 1989,800.371.500,UTAMA
162,CTRA,Ciputra Development Tbk.,28 Mar 1994,18.560.303.397,UTAMA
163,CTTH,Citatah Tbk.,03 Jul 1996,1.230.839.821,PENGEMBANGAN
164,DART,Duta Anggada Realty Tbk.,08 Mei 1990,3.141.390.962,UTAMA
165,DAYA,Duta Intidaya Tbk.,28 Jun 2016,2.420.547.025,PENGEMBANGAN
166,DEAL,Dewata Freightinternational Tb,09 Nov 2018,1.120.000.000,PENGEMBANGAN
167,DEFI,Danasupra Erapacific Tbk,06 Jul 2001,676.000.000,PENGEMBANGAN
168,DEWA,Darma Henwa Tbk,26 Sep 2007,21.853.733.792,UTAMA
169,DFAM,Dafam Property Indonesia Tbk.,27 Apr 2018,1.607.998.900,PENGEMBANGAN
170,DGIK,Nusa Konstruksi Enjiniring Tbk,19 Des 2007,5.541.165.000,UTAMA
171,DIGI,Arkadia Digital Media Tbk.,18 Sep 2018,325.000.000,PENGEMBANGAN
172,DILD,Intiland Development Tbk.,04 Sep 1991,10.365.854.185,UTAMA
173,DIVA,Distribusi Voucher Nusantara T,27 Nov 2018,714.285.700,PENGEMBANGAN
174,DKFT,Central Omega Resources Tbk.,21 Nov 1997,5.638.246.600,PENGEMBANGAN
175,DLTA,Delta Djakarta Tbk.,12 Feb 1984,800.659.050,UTAMA
176,DMAS,Puradelta Lestari Tbk.,29 Mei 2015,48.198.111.100,UTAMA
177,DNAR,Bank Dinar Indonesia Tbk.,11 Jul 2014,2.227.500.000,UTAMA
178,DNET,Indoritel Makmur Internasional,11 Des 2000,14.184.000.000,PENGEMBANGAN
179,DOID,Delta Dunia Makmur Tbk.,15 Jun 2001,8.611.686.432,PENGEMBANGAN
180,DPNS,Duta Pertiwi Nusantara Tbk.,08 Ags 1990,331.129.952,UTAMA
181,DPUM,Dua Putra Utama Makmur Tbk.,08 Des 2015,4.175.000.000,UTAMA
182,DSFI,Dharma Samudera Fishing Indust,24 Mar 2000,1.857.135.500,UTAMA
183,DSNG,Dharma Satya Nusantara Tbk.,14 Jun 2013,10.599.842.400,UTAMA
184,DSSA,Dian Swastatika Sentosa Tbk,10 Des 2009,770.552.320,UTAMA
185,DUCK,Jaya Bersama Indo Tbk.,10 Okt 2018,1.283.330.000,UTAMA
186,DUTI,Duta Pertiwi Tbk,02 Nov 1994,1.850.000.000,PENGEMBANGAN
187,DVLA,Darya-Varia Laboratoria Tbk.,11 Nov 1994,1.120.000.000,UTAMA
188,DWGL,Dwi Guna Laksana Tbk.,13 Des 2017,8.637.564.799,PENGEMBANGAN
189,DYAN,Dyandra Media International Tb,25 Mar 2013,4.272.964.279,UTAMA
190,ECII,Electronic City Indonesia Tbk.,03 Jul 2013,1.334.333.000,PENGEMBANGAN
191,EKAD,Ekadharma International Tbk.,14 Ags 1990,698.775.000,UTAMA
192,ELSA,Elnusa Tbk.,06 Feb 2008,7.298.500.000,UTAMA
193,ELTY,Bakrieland Development Tbk.,30 Okt 1995,43.521.913.019,PENGEMBANGAN
194,EMDE,Megapolitan Developments Tbk.,12 Jan 2011,3.350.000.000,PENGEMBANGAN
195,EMTK,Elang Mahkota Teknologi Tbk.,12 Jan 2010,5.640.032.442,UTAMA
196,ENRG,Energi Mega Persada Tbk.,07 Jun 2004,10.342.179.272,PENGEMBANGAN
197,EPMT,Enseval Putera Megatrading Tbk,01 Ags 1994,2.708.640.000,PENGEMBANGAN
198,ERAA,Erajaya Swasembada Tbk.,14 Des 2011,3.190.000.000,UTAMA
199,ERTX,Eratex Djaja Tbk.,21 Ags 1990,1.286.539.792,PENGEMBANGAN
200,ESSA,Surya Esa Perkasa Tbk.,01 Feb 2012,14.300.000.000,UTAMA
201,ESTI,Ever Shine Tex Tbk.,13 Okt 1992,2.015.208.720,UTAMA
202,ETWA,Eterindo Wahanatama Tbk,16 Mei 1997,968.297.000,UTAMA
203,EXCL,XL Axiata Tbk.,29 Sep 2005,10.687.960.423,UTAMA
204,FAST,Fast Food Indonesia Tbk.,11 Mei 1993,1.995.138.579,PENGEMBANGAN
205,FASW,Fajar Surya Wisesa Tbk.,01 Des 1994,2.477.888.787,UTAMA
206,FILM,MD Pictures Tbk.,07 Ags 2018,9.511.217.000,UTAMA
207,FINN,First Indo American Leasing Tb,08 Jun 2017,1.860.225.000,PENGEMBANGAN
208,FIRE,Alfa Energi Investama Tbk.,09 Jun 2017,1.408.608.780,PENGEMBANGAN
209,FISH,FKS Multi Agro Tbk.,18 Jan 2002,480.000.000,PENGEMBANGAN
210,FMII,Fortune Mate Indonesia Tbk,30 Jun 2000,2.721.000.000,PENGEMBANGAN
211,FORU,Fortune Indonesia Tbk,17 Jan 2004,465.224.000,PENGEMBANGAN
212,FORZ,Forza Land Indonesia Tbk.,28 Apr 2017,1.972.896.387,UTAMA
213,FPNI,Lotte Chemical Titan Tbk.,21 Mar 2002,5.566.414.000,PENGEMBANGAN
214,FREN,Smartfren Telecom Tbk.,29 Nov 2006,171.114.685.667,UTAMA
215,GAMA,Gading Development Tbk.,11 Jul 2012,10.011.027.656,UTAMA
216,GDST,Gunawan Dianjaya Steel Tbk.,23 Des 2009,9.242.500.000,PENGEMBANGAN
217,GDYR,Goodyear Indonesia Tbk.,01 Des 1980,410.000.000,UTAMA
218,GEMA,Gema Grahasarana Tbk.,12 Ags 2002,1.600.000.000,PENGEMBANGAN
219,GEMS,Golden Energy Mines Tbk.,17 Nov 2011,5.882.353.000,UTAMA
220,GGRM,Gudang Garam Tbk.,27 Ags 1990,1.924.088.000,UTAMA
221,GHON,Gihon Telekomunikasi Indonesia,09 Apr 2018,550.000.000,UTAMA
222,GIAA,Garuda Indonesia (Persero) Tbk,11 Feb 2011,25.886.576.254,UTAMA
223,GJTL,Gajah Tunggal Tbk.,08 Mei 1990,3.484.800.000,UTAMA
224,GLOB,Global Teleshop Tbk.,10 Jul 2012,1.111.112.000,PENGEMBANGAN
225,GMCW,Grahamas Citrawisata Tbk.,14 Feb 1995,58.839.958,PENGEMBANGAN
226,GMFI,Garuda Maintenance Facility Ae,10 Okt 2017,28.233.511.500,UTAMA
227,GMTD,Gowa Makassar Tourism Developm,11 Des 2000,101.538.000,PENGEMBANGAN
228,GOLD,Visi Telekomunikasi Infrastruk,07 Jul 2010,314.600.000,PENGEMBANGAN
229,GOLL,Golden Plantation Tbk.,23 Des 2014,3.665.000.759,PENGEMBANGAN
230,GOOD,Garudafood Putra Putri Jaya Tb,10 Okt 2018,7.379.580.291,UTAMA
231,GPRA,Perdana Gapuraprima Tbk.,10 Okt 2007,4.276.655.336,UTAMA
232,GREN,Evergreen Invesco Tbk.,09 Jul 2010,4.694.111.791,UTAMA
233,GSMF,Equity Development Investment ,13 Okt 1989,7.454.723.337,PENGEMBANGAN
234,GTBO,Garda Tujuh Buana Tbk,09 Jul 2009,2.500.000.000,PENGEMBANGAN
235,GWSA,Greenwood Sejahtera Tbk.,23 Des 2011,7.800.760.000,UTAMA
236,GZCO,Gozco Plantations Tbk.,15 Mei 2008,6.000.000.000,UTAMA
237,HADE,Himalaya Energi Perkasa Tbk.,12 Apr 2004,2.120.000.000,PENGEMBANGAN
238,HDFA,Radana Bhaskara Finance Tbk.,10 Mei 2011,2.329.668.917,UTAMA
239,HDTX,Panasia Indo Resources Tbk.,06 Jun 1990,3.601.462.800,UTAMA
240,HEAL,Medikaloka Hermina Tbk.,16 Mei 2018,2.973.000.000,UTAMA
241,HELI,Jaya Trishindo Tbk.,27 Mar 2018,819.000.000,PENGEMBANGAN
242,HERO,Hero Supermarket Tbk.,02 Des 1989,4.183.634.000,UTAMA
243,HEXA,Hexindo Adiperkasa Tbk.,13 Feb 1995,840.000.000,UTAMA
244,HITS,Humpuss Intermoda Transportasi,15 Des 1997,7.101.084.801,UTAMA
245,HKMU,HK Metals Utama Tbk.,09 Okt 2018,3.221.750.000,UTAMA
246,HMSP,H.M. Sampoerna Tbk.,15 Ags 1990,116.318.076.900,UTAMA
247,HOKI,Buyung Poetra Sembada Tbk.,22 Jun 2017,2.374.834.620,UTAMA
248,HOME,Hotel Mandarine Regency Tbk.,17 Jul 2008,2.266.550.488,PENGEMBANGAN
249,HOTL,Saraswati Griya Lestari Tbk.,10 Jan 2013,3.550.001.452,UTAMA
250,HRTA,Hartadinata Abadi Tbk.,21 Jun 2017,4.605.262.400,PENGEMBANGAN
251,HRUM,Harum Energy Tbk.,06 Okt 2010,2.703.620.000,UTAMA
252,IATA,Indonesia Transport & Infrastr,13 Sep 2006,9.979.518.088,PENGEMBANGAN
253,IBFN,Intan Baruprana Finance Tbk.,22 Des 2014,1.517.321.249,PENGEMBANGAN
254,IBST,Inti Bangun Sejahtera Tbk.,31 Ags 2012,1.350.904.927,UTAMA
255,ICBP,Indofood CBP Sukses Makmur Tbk,07 Okt 2010,11.661.908.000,UTAMA
256,ICON,Island Concepts Indonesia Tbk.,08 Jul 2005,1.089.750.000,PENGEMBANGAN
257,IDPR,Indonesia Pondasi Raya Tbk.,10 Des 2015,2.003.000.000,UTAMA
258,IGAR,Champion Pacific Indonesia Tbk,05 Nov 1990,972.204.500,UTAMA
259,IIKP,Inti Agri Resources Tbk,20 Okt 2002,33.600.000.000,PENGEMBANGAN
260,IKAI,Intikeramik Alamasri Industri ,04 Jun 1997,10.137.508.642,UTAMA
261,IKBI,Sumi Indo Kabel Tbk.,21 Jan 1991,1.224.000.000,PENGEMBANGAN
262,IMAS,Indomobil Sukses Internasional,15 Sep 1993,2.765.278.412,UTAMA
263,IMJS,Indomobil Multi Jasa Tbk.,10 Des 2013,5.017.000.000,UTAMA
264,IMPC,Impack Pratama Industri Tbk.,17 Des 2014,4.833.500.000,PENGEMBANGAN
265,INAF,Indofarma Tbk.,17 Apr 2001,3.099.267.500,UTAMA
266,INAI,Indal Aluminium Industry Tbk.,05 Des 1994,633.600.000,PENGEMBANGAN
267,INCF,Indo Komoditi Korpora Tbk.,18 Des 1989,1.438.370.465,PENGEMBANGAN
268,INCI,Intanwijaya Internasional Tbk,24 Jul 1990,196.121.237,UTAMA
269,INCO,Vale Indonesia Tbk.,16 Mei 1990,9.936.338.720,UTAMA
270,INDF,Indofood Sukses Makmur Tbk.,14 Jul 1994,8.780.426.500,UTAMA
271,INDR,Indo-Rama Synthetics Tbk.,03 Ags 1990,654.351.707,UTAMA
272,INDS,Indospring Tbk.,10 Ags 1990,656.249.710,UTAMA
273,INDX,Tanah Laut Tbk,17 Mei 2001,437.913.588,PENGEMBANGAN
274,INDY,Indika Energy Tbk.,11 Jun 2008,5.210.192.000,UTAMA
275,INKP,Indah Kiat Pulp & Paper Tbk.,16 Jul 1990,5.470.982.941,UTAMA
276,INPC,Bank Artha Graha Internasional,29 Ags 1990,15.638.233.101,UTAMA
277,INPP,Indonesian Paradise Property T,01 Des 2004,11.181.971.732,PENGEMBANGAN
278,INPS,Indah Prakasa Sentosa Tbk.,06 Apr 2018,650.000.000,PENGEMBANGAN
279,INRU,Toba Pulp Lestari Tbk.,18 Jun 1990,1.388.883.283,PENGEMBANGAN
280,INTA,Intraco Penta Tbk.,23 Ags 1993,3.334.634.447,PENGEMBANGAN
281,INTD,Inter Delta Tbk,18 Des 1989,591.828.000,PENGEMBANGAN
282,INTP,Indocement Tunggal Prakarsa Tb,05 Des 1989,3.681.231.699,UTAMA
283,IPCC,Indonesia Kendaraan Terminal T,09 Jul 2018,1.818.384.820,PENGEMBANGAN
284,IPCM,Jasa Armada Indonesia Tbk.,22 Des 2017,5.284.811.100,PENGEMBANGAN
285,IPOL,Indopoly Swakarsa Industry Tbk,09 Jul 2010,6.443.379.509,UTAMA
286,ISAT,Indosat Tbk.,19 Okt 1994,5.433.933.500,UTAMA
287,ISSP,Steel Pipe Industry of Indones,22 Feb 2013,7.185.992.035,UTAMA
288,ITMA,Sumber Energi Andalan Tbk.,10 Des 1990,680.000.000,PENGEMBANGAN
289,ITMG,Indo Tambangraya Megah Tbk.,18 Des 2007,1.129.925.000,UTAMA
290,ITTG,Leo Investments Tbk.,26 Nov 2001,1.379.000.000,PENGEMBANGAN
291,JAWA,Jaya Agra Wattie Tbk.,30 Mei 2011,3.774.685.500,UTAMA
292,JECC,Jembo Cable Company Tbk.,18 Nov 1992,151.200.000,PENGEMBANGAN
293,JGLE,Graha Andrasentra Propertindo ,29 Jun 2016,22.581.909.405,PENGEMBANGAN
294,JIHD,Jakarta International Hotels &,29 Feb 1984,2.329.040.482,PENGEMBANGAN
295,JKON,Jaya Konstruksi Manggala Prata,04 Des 2007,16.308.519.860,UTAMA
296,JKSW,Jakarta Kyoei Steel Works Tbk.,06 Ags 1997,150.000.000,PENGEMBANGAN
297,JMAS,Asuransi Jiwa Syariah Jasa Mit,18 Des 2017,1.000.000.000,PENGEMBANGAN
298,JPFA,Japfa Comfeed Indonesia Tbk.,23 Okt 1989,11.726.575.201,UTAMA
299,JRPT,Jaya Real Property Tbk.,29 Jun 1994,13.750.000.000,UTAMA
300,JSKY,Sky Energy Indonesia Tbk.,28 Mar 2018,1.016.270.000,UTAMA
301,JSMR,Jasa Marga (Persero) Tbk.,12 Nov 2007,7.257.871.200,UTAMA
302,JSPT,Jakarta Setiabudi Internasiona,12 Jan 1998,2.318.736.000,PENGEMBANGAN
303,JTPE,Jasuindo Tiga Perkasa Tbk.,16 Apr 2002,1.713.012.500,PENGEMBANGAN
304,KAEF,Kimia Farma Tbk.,04 Jul 2001,5.554.000.000,UTAMA
305,KARW,ICTSI Jasa Prima Tbk.,20 Des 2008,587.152.700,PENGEMBANGAN
306,KBLI,KMI Wire & Cable Tbk.,06 Jul 1992,4.007.235.107,UTAMA
307,KBLM,Kabelindo Murni Tbk.,01 Jun 1992,1.120.000.000,PENGEMBANGAN
308,KBLV,First Media Tbk.,25 Feb 2000,1.742.167.907,PENGEMBANGAN
309,KBRI,Kertas Basuki Rachmat Indonesi,11 Jul 2008,8.687.995.734,PENGEMBANGAN
310,KDSI,Kedawung Setia Industrial Tbk.,29 Jul 1996,405.000.000,PENGEMBANGAN
311,KIAS,Keramika Indonesia Assosiasi T,08 Des 1994,14.929.100.000,PENGEMBANGAN
312,KICI,Kedaung Indah Can Tbk,28 Okt 1993,276.000.000,UTAMA
313,KIJA,Kawasan Industri Jababeka Tbk.,10 Jan 1995,20.824.888.369,UTAMA
314,KINO,Kino Indonesia Tbk.,11 Des 2015,1.428.571.500,PENGEMBANGAN
315,KIOS,Kioson Komersial Indonesia Tbk,05 Okt 2017,717.238.500,PENGEMBANGAN
316,KKGI,Resource Alam Indonesia Tbk.,01 Jul 1991,5.000.000.000,UTAMA
317,KLBF,Kalbe Farma Tbk.,30 Jul 1991,46.875.122.110,UTAMA
318,KMTR,Kirana Megatara Tbk.,19 Jun 2017,7.682.950.000,PENGEMBANGAN
319,KOBX,Kobexindo Tractors Tbk.,05 Jul 2012,2.272.500.000,UTAMA
320,KOIN,Kokoh Inti Arebama Tbk,09 Apr 2008,980.843.732,PENGEMBANGAN
321,KONI,Perdana Bangun Pusaka Tbk,22 Ags 1995,152.000.000,PENGEMBANGAN
322,KOPI,Mitra Energi Persada Tbk.,04 Mei 2015,697.266.668,PENGEMBANGAN
323,KPAL,Steadfast Marine Tbk.,08 Jun 2018,992.357.150,UTAMA
324,KPAS,Cottonindo Ariesta Tbk.,05 Okt 2018,768.000.000,PENGEMBANGAN
325,KPIG,MNC Land Tbk.,30 Mar 2000,74.079.122.790,PENGEMBANGAN
326,KRAH,Grand Kartech Tbk.,08 Nov 2013,971.190.000,PENGEMBANGAN
327,KRAS,Krakatau Steel (Persero) Tbk.,10 Nov 2010,19.346.396.900,UTAMA
328,KREN,Kresna Graha Investama Tbk.,28 Jun 2002,18.208.470.100,UTAMA
329,LAND,Trimitra Propertindo Tbk.,23 Ags 2018,2.792.620.000,PENGEMBANGAN
330,LAPD,Leyand International Tbk.,17 Jul 2001,3.966.350.139,PENGEMBANGAN
331,LCGP,Eureka Prima Jakarta Tbk.,13 Jul 2007,5.630.000.914,PENGEMBANGAN
332,LCKM,LCK Global Kedaton Tbk.,16 Jan 2018,1.000.000.000,PENGEMBANGAN
333,LEAD,Logindo Samudramakmur Tbk.,11 Des 2013,4.049.616.328,UTAMA
334,LINK,Link Net Tbk.,02 Jun 2014,3.042.649.384,UTAMA
335,LION,Lion Metal Works Tbk.,20 Ags 1993,520.160.000,UTAMA
336,LMAS,Limas Indonesia Makmur Tbk,28 Des 2001,787.851.525,PENGEMBANGAN
337,LMPI,Langgeng Makmur Industri Tbk.,17 Okt 1994,1.008.517.669,PENGEMBANGAN
338,LMSH,Lionmesh Prima Tbk.,04 Jun 1990,96.000.000,PENGEMBANGAN
339,LPCK,Lippo Cikarang Tbk,24 Jul 1997,696.000.000,UTAMA
340,LPGI,Lippo General Insurance Tbk.,22 Jul 1997,150.000.000,UTAMA
341,LPIN,Multi Prima Sejahtera Tbk,05 Feb 1990,106.250.000,PENGEMBANGAN
342,LPKR,Lippo Karawaci Tbk.,28 Jun 1996,23.077.689.619,UTAMA
343,LPLI,Star Pacific Tbk,23 Okt 1989,1.170.432.803,PENGEMBANGAN
344,LPPF,Matahari Department Store Tbk.,09 Okt 1989,2.917.918.080,UTAMA
345,LPPS,Lippo Securities Tbk.,28 Mar 1994,2.588.250.000,PENGEMBANGAN
346,LRNA,Eka Sari Lorena Transport Tbk.,15 Apr 2014,350.000.022,PENGEMBANGAN
347,LSIP,PP London Sumatra Indonesia Tb,05 Jul 1996,6.822.863.965,UTAMA
348,LTLS,Lautan Luas Tbk.,21 Jul 1997,1.560.000.000,UTAMA
349,LUCK,Sentral Mitra Informatika Tbk.,28 Nov 2018,715.749.640,PENGEMBANGAN
350,MABA,Marga Abhinaya Abadi Tbk.,22 Jun 2017,15.365.229.912,PENGEMBANGAN
351,MAGP,Multi Agro Gemilang Plantation,16 Jan 2013,9.000.000.004,PENGEMBANGAN
352,MAIN,Malindo Feedmill Tbk.,10 Feb 2006,2.238.750.000,UTAMA
353,MAMI,Mas Murni Indonesia Tbk,09 Feb 1994,5.127.240.122,PENGEMBANGAN
354,MAPA,Map Aktif Adiperkasa Tbk.,05 Jul 2018,2.850.400.000,PENGEMBANGAN
355,MAPB,MAP Boga Adiperkasa Tbk.,21 Jun 2017,2.170.922.900,PENGEMBANGAN
356,MAPI,Mitra Adiperkasa Tbk.,10 Nov 2004,16.600.000.000,UTAMA
357,MARI,Mahaka Radio Integra Tbk.,11 Feb 2016,5.252.644.000,PENGEMBANGAN
358,MARK,Mark Dynamics Indonesia Tbk.,12 Jul 2017,760.000.062,PENGEMBANGAN
359,MASA,Multistrada Arah Sarana Tbk.,09 Jun 2005,9.182.946.945,UTAMA
360,MAYA,Bank Mayapada Internasional Tb,29 Ags 1997,6.313.147.533,UTAMA
361,MBAP,Mitrabara Adiperdana Tbk.,10 Jul 2014,1.227.271.952,PENGEMBANGAN
362,MBSS,Mitrabahtera Segara Sejati Tbk,06 Apr 2011,1.750.026.639,UTAMA
363,MBTO,Martina Berto Tbk.,13 Jan 2011,1.070.000.000,UTAMA
364,MCAS,M Cash Integrasi Tbk.,01 Nov 2017,867.933.300,PENGEMBANGAN
365,MCOR,Bank China Construction Bank I,03 Jul 2007,16.465.148.150,UTAMA
366,MDIA,Intermedia Capital Tbk.,11 Apr 2014,39.215.538.400,UTAMA
367,MDKA,Merdeka Copper Gold Tbk.,19 Jun 2015,4.164.518.330,PENGEMBANGAN
368,MDKI,Emdeki Utama Tbk.,25 Sep 2017,1.807.250.000,PENGEMBANGAN
369,MDLN,Modernland Realty Tbk.,18 Jan 1993,12.533.067.322,UTAMA
370,MDRN,Modern Internasional Tbk.,16 Jul 1991,5.032.167.798,UTAMA
371,MEDC,Medco Energi Internasional Tbk,12 Okt 1994,17.829.188.368,UTAMA
372,MEGA,Bank Mega Tbk.,17 Apr 2000,6.894.138.227,UTAMA
373,MERK,Merck Tbk.,23 Jul 1981,448.000.000,PENGEMBANGAN
374,META,Nusantara Infrastructure Tbk.,18 Jul 2001,15.235.671.880,UTAMA
375,MFIN,Mandala Multifinance Tbk.,06 Sep 2005,2.650.000.000,PENGEMBANGAN
376,MFMI,Multifiling Mitra Indonesia Tb,29 Des 2010,757.581.000,PENGEMBANGAN
377,MGNA,Magna Investama Mandiri Tbk.,07 Jul 2014,1.003.080.977,PENGEMBANGAN
378,MGRO,Mahkota Group Tbk.,12 Jul 2018,3.518.438.000,UTAMA
379,MICE,Multi Indocitra Tbk.,02 Nov 2005,600.000.000,PENGEMBANGAN
380,MIDI,Midi Utama Indonesia Tbk.,30 Nov 2010,2.882.353.000,PENGEMBANGAN
381,MIKA,Mitra Keluarga Karyasehat Tbk.,24 Mar 2015,14.550.736.000,UTAMA
382,MINA,Sanurhasta Mitra Tbk.,28 Apr 2017,6.562.500.000,PENGEMBANGAN
383,MIRA,Mitra International Resources ,30 Jan 1997,3.961.452.039,PENGEMBANGAN
384,MITI,Mitra Investindo Tbk.,16 Jul 1997,1.411.550.800,PENGEMBANGAN
385,MKNT,Mitra Komunikasi Nusantara Tbk,26 Okt 2015,5.000.000.000,PENGEMBANGAN
386,MKPI,Metropolitan Kentjana Tbk.,10 Jul 2009,948.194.000,PENGEMBANGAN
387,MLBI,Multi Bintang Indonesia Tbk.,17 Jan 1994,2.107.000.000,UTAMA
388,MLIA,Mulia Industrindo Tbk,17 Jan 1994,1.323.000.000,PENGEMBANGAN
389,MLPL,Multipolar Tbk.,06 Nov 1989,14.639.632.470,UTAMA
390,MLPT,Multipolar Technology Tbk.,08 Jul 2013,1.875.000.000,UTAMA
391,MMLP,Mega Manunggal Property Tbk.,12 Jun 2015,6.889.134.608,PENGEMBANGAN
392,MNCN,Media Nusantara Citra Tbk.,22 Jun 2007,14.276.103.500,UTAMA
393,MOLI,Madusari Murni Indah Tbk.,30 Ags 2018,2.334.888.498,PENGEMBANGAN
394,MPMX,Mitra Pinasthika Mustika Tbk.,29 Mei 2013,4.462.963.276,UTAMA
395,MPOW,Megapower Makmur Tbk.,05 Jul 2017,816.997.053,PENGEMBANGAN
396,MPPA,Matahari Putra Prima Tbk.,21 Des 1992,7.529.147.920,UTAMA
397,MPRO,Propertindo Mulia Investama Tb,09 Okt 2018,9.942.500.000,PENGEMBANGAN
398,MRAT,Mustika Ratu Tbk.,27 Jul 1995,428.000.000,UTAMA
399,MREI,Maskapai Reasuransi Indonesia ,04 Sep 1989,517.791.681,PENGEMBANGAN
400,MSIN,MNC Studios International Tbk.,08 Jun 2018,5.202.000.000,PENGEMBANGAN
401,MSKY,MNC Sky Vision Tbk.,09 Jul 2012,1.813.064.073,UTAMA
402,MTDL,Metrodata Electronics Tbk.,09 Apr 1990,2.455.376.917,UTAMA
403,MTFN,Capitalinc Investment Tbk.,16 Apr 1990,31.842.082.852,PENGEMBANGAN
404,MTLA,Metropolitan Land Tbk.,20 Jun 2011,7.655.126.330,UTAMA
405,MTRA,Mitra Pemuda Tbk.,10 Feb 2016,770.000.000,PENGEMBANGAN
406,MTSM,Metro Realty Tbk.,08 Jan 1992,232.848.000,PENGEMBANGAN
407,MTWI,Malacca Trust Wuwungan Insuran,11 Okt 2017,1.525.819.116,PENGEMBANGAN
408,MYOH,Samindo Resources Tbk.,27 Jul 2000,2.206.312.500,UTAMA
409,MYOR,Mayora Indah Tbk.,04 Jul 1990,22.358.699.725,UTAMA
410,MYRX,Hanson International Tbk.,31 Okt 1990,86.703.220.792,PENGEMBANGAN
411,MYTX,Asia Pacific Investama Tbk.,10 Okt 1989,1.466.666.577,UTAMA
412,NAGA,Bank Mitraniaga Tbk.,09 Jul 2013,1.612.710.000,UTAMA
413,NASA,Ayana Land International Tbk.,07 Ags 2017,11.004.915.642,PENGEMBANGAN
414,NELY,Pelayaran Nelly Dwi Putri Tbk.,11 Okt 2012,2.350.000.000,PENGEMBANGAN
415,NFCX,NFC Indonesia Tbk.,12 Jul 2018,666.667.500,PENGEMBANGAN
416,NICK,Charnic Capital Tbk.,02 Mei 2018,651.150.000,PENGEMBANGAN
417,NIKL,Pelat Timah Nusantara Tbk.,14 Des 2009,2.523.350.000,UTAMA
418,NIPS,Nipress Tbk.,24 Jul 1991,1.635.333.332,PENGEMBANGAN
419,NIRO,City Retail Developments Tbk.,13 Sep 2012,22.198.871.804,PENGEMBANGAN
420,NISP,Bank OCBC NISP Tbk.,20 Okt 1994,22.715.776.032,UTAMA
421,NOBU,Bank Nationalnobu Tbk.,20 Mei 2013,4.393.533.177,UTAMA
422,NRCA,Nusa Raya Cipta Tbk.,27 Jun 2013,2.496.258.344,UTAMA
423,NUSA,Sinergi Megah Internusa Tbk.,12 Jul 2018,7.700.000.000,PENGEMBANGAN
424,OASA,Protech Mitra Perkasa Tbk.,18 Jul 2016,358.600.000,PENGEMBANGAN
425,OCAP,Onix Capital Tbk.,10 Nov 2003,273.200.000,PENGEMBANGAN
426,OKAS,Ancora Indonesia Resources Tbk,29 Mar 2006,1.765.927.777,PENGEMBANGAN
427,OMRE,Indonesia Prima Property Tbk,22 Ags 1994,1.745.000.000,PENGEMBANGAN
428,PADI,Minna Padi Investama Sekuritas,09 Jan 2012,11.307.246.524,UTAMA
429,PALM,Provident Agro Tbk.,08 Okt 2012,7.119.540.356,PENGEMBANGAN
430,PANI,Pratama Abadi Nusa Industri Tb,18 Sep 2018,410.000.000,PENGEMBANGAN
431,PANR,Panorama Sentrawisata Tbk.,01 Jan 1950,1.200.000.000,UTAMA
432,PANS,Panin Sekuritas Tbk.,31 Des 2000,720.000.000,UTAMA
433,PBID,Panca Budi Idaman Tbk.,13 Des 2017,1.875.000.000,PENGEMBANGAN
434,PBRX,Pan Brothers Tbk.,16 Ags 1990,6.478.295.611,UTAMA
435,PBSA,Paramita Bangun Sarana Tbk.,28 Sep 2016,1.500.000.000,UTAMA
436,PCAR,Prima Cakrawala Abadi Tbk.,29 Des 2017,1.166.666.700,PENGEMBANGAN
437,PDES,Destinasi Tirta Nusantara Tbk,08 Jul 2008,715.000.000,PENGEMBANGAN
438,PEGE,Panca Global Kapital Tbk.,24 Jun 2005,2.833.417.056,PENGEMBANGAN
439,PGAS,Perusahaan Gas Negara (Persero,15 Des 2003,24.241.508.196,UTAMA
440,PGLI,Pembangunan Graha Lestari Inda,05 Apr 2000,488.000.000,PENGEMBANGAN
441,PICO,Pelangi Indah Canindo Tbk,23 Sep 1996,568.375.000,PENGEMBANGAN
442,PJAA,Pembangunan Jaya Ancol Tbk.,02 Jul 2004,1.599.999.996,UTAMA
443,PKPK,Perdana Karya Perkasa Tbk,11 Jul 2007,600.000.000,PENGEMBANGAN
444,PLAS,Polaris Investama Tbk,16 Mar 2001,1.184.200.000,PENGEMBANGAN
445,PLIN,Plaza Indonesia Realty Tbk.,15 Jun 1992,3.550.000.000,UTAMA
446,PNBN,Bank Pan Indonesia Tbk,29 Des 1982,23.837.645.998,UTAMA
447,PNBS,Bank Panin Dubai Syariah Tbk.,15 Jan 2014,23.719.447.472,UTAMA
448,PNIN,Paninvest Tbk.,20 Sep 1983,4.068.323.920,UTAMA
449,PNLF,Panin Financial Tbk.,14 Jun 1993,32.022.073.293,UTAMA
450,PNSE,Pudjiadi & Sons Tbk.,01 Mei 1990,797.813.496,PENGEMBANGAN
451,POLA,Pool Advista Finance Tbk.,16 Nov 2018,2.722.910.000,PENGEMBANGAN
452,POLL,Pollux Properti Indonesia Tbk.,11 Jul 2018,8.318.823.600,UTAMA
453,POLY,Asia Pacific Fibers Tbk,12 Mar 1991,2.495.753.334,PENGEMBANGAN
454,POOL,Pool Advista Indonesia Tbk.,20 Mei 1991,2.250.171.149,PENGEMBANGAN
455,PORT,Nusantara Pelabuhan Handal Tbk,16 Mar 2017,2.813.941.985,PENGEMBANGAN
456,POWR,Cikarang Listrindo Tbk.,14 Jun 2016,16.087.156.000,UTAMA
457,PPRE,PP Presisi Tbk.,24 Nov 2017,10.224.271.000,UTAMA
458,PPRO,PP Properti Tbk.,19 Mei 2015,61.675.671.883,UTAMA
459,PRAS,Prima Alloy Steel Universal Tb,12 Jul 1990,701.043.478,UTAMA
460,PRDA,Prodia Widyahusada Tbk.,07 Des 2016,937.500.000,PENGEMBANGAN
461,PRIM,Royal Prima Tbk.,15 Mei 2018,3.393.432.600,PENGEMBANGAN
462,PSAB,J Resources Asia Pasifik Tbk.,22 Apr 2003,26.460.000.000,PENGEMBANGAN
463,PSDN,Prasidha Aneka Niaga Tbk,18 Okt 1994,1.440.000.000,PENGEMBANGAN
464,PSKT,Red Planet Indonesia Tbk.,19 Sep 1995,10.351.231.636,PENGEMBANGAN
465,PSSI,Pelita Samudera Shipping Tbk.,05 Des 2017,5.030.000.000,PENGEMBANGAN
466,PTBA,Bukit Asam Tbk.,23 Des 2002,11.520.659.250,UTAMA
467,PTIS,Indo Straits Tbk.,12 Jul 2011,550.165.300,UTAMA
468,PTPP,PP (Persero) Tbk.,09 Feb 2010,6.199.897.354,UTAMA
469,PTRO,Petrosea Tbk.,21 Mei 1990,1.008.605.000,UTAMA
470,PTSN,Sat Nusapersada Tbk,08 Nov 2007,1.771.448.000,UTAMA
471,PTSP,Pioneerindo Gourmet Internatio,30 Mei 1994,220.808.000,PENGEMBANGAN
472,PUDP,Pudjiadi Prestige Tbk.,18 Nov 1994,329.560.000,UTAMA
473,PWON,Pakuwon Jati Tbk.,09 Okt 1989,48.159.602.400,UTAMA
474,PYFA,Pyridam Farma Tbk,16 Okt 2001,535.080.000,PENGEMBANGAN
475,PZZA,Sarimelati Kencana Tbk.,23 Mei 2018,3.021.875.000,UTAMA
476,RAJA,Rukun Raharja Tbk.,19 Apr 2006,4.227.082.500,UTAMA
477,RALS,Ramayana Lestari Sentosa Tbk.,24 Jul 1996,7.096.000.000,UTAMA
478,RANC,Supra Boga Lestari Tbk.,07 Jun 2012,1.564.487.500,UTAMA
479,RBMS,Ristia Bintang Mahkotasejati T,19 Des 1997,2.656.212.826,UTAMA
480,RDTX,Roda Vivatex Tbk,14 Mei 1990,268.800.000,UTAMA
481,RELI,Reliance Sekuritas Indonesia T,13 Jul 2005,1.800.000.000,UTAMA
482,RICY,Ricky Putra Globalindo Tbk,22 Jan 1998,641.717.510,UTAMA
483,RIGS,Rig Tenders Indonesia Tbk.,26 Mar 1990,609.130.000,PENGEMBANGAN
484,RIMO,Rimo International Lestari Tbk,10 Nov 2000,40.936.000.000,PENGEMBANGAN
485,RISE,Jaya Sukses Makmur Sentosa Tbk,09 Jul 2018,9.950.000.000,UTAMA
486,RMBA,Bentoel Internasional Investam,05 Mar 1990,36.401.136.250,UTAMA
487,RODA,Pikko Land Development Tbk.,22 Okt 2001,13.592.128.209,PENGEMBANGAN
488,ROTI,Nippon Indosari Corpindo Tbk.,28 Jun 2010,6.186.488.888,UTAMA
489,RUIS,Radiant Utama Interinsco Tbk.,12 Jul 2006,770.000.000,PENGEMBANGAN
490,SAFE,Steady Safe Tbk,15 Ags 1994,615.145.012,PENGEMBANGAN
491,SAME,Sarana Meditama Metropolitan T,11 Jan 2013,5.900.000.000,PENGEMBANGAN
492,SAPX,Satria Antaran Prima Tbk.,03 Okt 2018,833.333.300,PENGEMBANGAN
493,SATU,Kota Satu Properti Tbk.,05 Nov 2018,1.250.000.000,PENGEMBANGAN
494,SCBD,Danayasa Arthatama Tbk.,31 Des 2099,3.322.092.000,PENGEMBANGAN
495,SCCO,Supreme Cable Manufacturing & ,20 Jul 1982,205.583.400,UTAMA
496,SCMA,Surya Citra Media Tbk.,16 Jul 2002,14.621.601.234,UTAMA
497,SCPI,Merck Sharp Dohme Pharma Tbk.,08 Jun 1990,3.600.000,PENGEMBANGAN
498,SDMU,Sidomulyo Selaras Tbk.,12 Jul 2011,1.135.225.000,PENGEMBANGAN
499,SDPC,Millennium Pharmacon Internati,07 Mei 1990,1.274.000.000,UTAMA
500,SDRA,Bank Woori Saudara Indonesia 1,15 Des 2006,6.515.116.991,UTAMA
501,SGRO,Sampoerna Agro Tbk.,18 Jun 2007,1.890.000.000,UTAMA
502,SHID,Hotel Sahid Jaya International,08 Mei 1990,1.119.326.168,PENGEMBANGAN
503,SHIP,Sillo Maritime Perdana Tbk.,16 Jun 2016,2.719.790.000,PENGEMBANGAN
504,SIAP,Sekawan Intipratama Tbk,17 Okt 2008,24.000.000.000,PENGEMBANGAN
505,SIDO,Industri Jamu dan Farmasi Sido,18 Des 2013,15.000.000.000,UTAMA
506,SILO,Siloam International Hospitals,12 Sep 2013,1.625.765.625,UTAMA
507,SIMA,Siwani Makmur Tbk,03 Jun 1994,442.589.871,PENGEMBANGAN
508,SIMP,Salim Ivomas Pratama Tbk.,09 Jun 2011,15.816.310.000,UTAMA
509,SIPD,Sierad Produce Tbk.,27 Des 1996,1.339.102.579,PENGEMBANGAN
510,SKBM,Sekar Bumi Tbk.,05 Jan 1993,1.726.003.217,PENGEMBANGAN
511,SKLT,Sekar Laut Tbk.,08 Sep 1993,690.740.500,PENGEMBANGAN
512,SKRN,Superkrane Mitra Utama Tbk.,11 Okt 2018,1.500.000.000,PENGEMBANGAN
513,SKYB,Skybee Tbk.,07 Jul 2010,585.000.000,PENGEMBANGAN
514,SMAR,Smart Tbk.,20 Nov 1992,2.872.193.366,PENGEMBANGAN
515,SMBR,Semen Baturaja (Persero) Tbk.,28 Jun 2013,9.932.534.336,UTAMA
516,SMCB,Holcim Indonesia Tbk.,10 Ags 1997,7.662.900.000,UTAMA
517,SMDM,Suryamas Dutamakmur Tbk.,12 Okt 1995,4.772.138.237,PENGEMBANGAN
518,SMDR,Samudera Indonesia  Tbk.,05 Des 1999,3.275.120.000,UTAMA
519,SMGR,Semen Indonesia (Persero) Tbk.,08 Jul 1991,5.931.520.000,UTAMA
520,SMMA,Sinarmas Multiartha Tbk.,05 Jul 1995,6.367.664.717,UTAMA
521,SMMT,Golden Eagle Energy Tbk.,01 Des 2007,3.150.000.000,PENGEMBANGAN
522,SMRA,Summarecon Agung Tbk.,07 Mei 1990,14.426.781.680,UTAMA
523,SMRU,SMR Utama Tbk.,10 Okt 2011,12.499.385.782,PENGEMBANGAN
524,SMSM,Selamat Sempurna Tbk.,09 Sep 1996,5.758.675.440,UTAMA
525,SOCI,Soechi Lines Tbk.,03 Des 2014,7.059.000.000,UTAMA
526,SONA,Sona Topas Tourism Industry Tb,12 Jul 1992,331.200.000,PENGEMBANGAN
527,SOSS,Shield On Service Tbk.,06 Nov 2018,650.000.000,PENGEMBANGAN
528,SOTS,Satria Mega Kencana Tbk.,10 Des 2018,1.000.000.000,PENGEMBANGAN
529,SPMA,Suparma Tbk.,16 Nov 1994,2.114.570.958,UTAMA
530,SPTO,Surya Pertiwi Tbk.,14 Mei 2018,2.700.000.000,PENGEMBANGAN
531,SQMI,Renuka Coalindo Tbk.,15 Jul 2004,301.200.000,PENGEMBANGAN
532,SRAJ,Sejahteraraya Anugrahjaya Tbk.,11 Apr 2011,12.000.705.445,UTAMA
533,SRIL,Sri Rejeki Isman Tbk.,17 Jun 2013,20.452.176.844,UTAMA
534,SRSN,Indo Acidatama Tbk,11 Jan 1993,6.020.000.000,UTAMA
535,SRTG,Saratoga Investama Sedaya Tbk.,26 Jun 2013,2.712.967.000,PENGEMBANGAN
536,SSIA,Surya Semesta Internusa Tbk.,27 Mar 1997,4.705.249.440,UTAMA
537,SSMS,Sawit Sumbermas Sarana Tbk.,12 Des 2013,9.525.000.000,UTAMA
538,SSTM,Sunson Textile Manufacture Tbk,20 Ags 1997,1.170.909.181,PENGEMBANGAN
539,STAR,Star  Petrochem Tbk.,13 Jul 2011,4.800.000.602,UTAMA
540,STTP,Siantar Top Tbk.,16 Des 1996,1.310.000.000,PENGEMBANGAN
541,SUGI,Sugih Energy Tbk.,19 Jun 2002,24.811.541.414,PENGEMBANGAN
542,SULI,SLJ Global Tbk.,21 Mar 1994,3.986.916.802,UTAMA
543,SUPR,Solusi Tunas Pratama Tbk.,11 Okt 2011,1.137.579.698,PENGEMBANGAN
544,SURE,Super Energy Tbk.,05 Okt 2018,1.497.576.771,PENGEMBANGAN
545,SWAT,Sriwahana Adityakarta Tbk.,08 Jun 2018,3.019.200.000,PENGEMBANGAN
546,TALF,Tunas Alfin Tbk.,17 Jan 2014,1.353.435.000,PENGEMBANGAN
547,TAMU,Pelayaran Tamarin Samudra Tbk.,10 Mei 2017,3.750.000.000,PENGEMBANGAN
548,TARA,Sitara Propertindo Tbk.,11 Jul 2014,10.069.645.750,UTAMA
549,TAXI,Express Transindo Utama Tbk.,02 Nov 2012,2.145.600.000,UTAMA
550,TBIG,Tower Bersama Infrastructure T,26 Okt 2010,4.531.399.889,UTAMA
551,TBLA,Tunas Baru Lampung Tbk.,14 Feb 2000,5.342.098.939,UTAMA
552,TBMS,Tembaga Mulia Semanan Tbk.,30 Sep 1993,367.340.000,PENGEMBANGAN
553,TCID,Mandom Indonesia Tbk.,30 Sep 1993,201.066.667,UTAMA
554,TCPI,Transcoal Pacific Tbk.,06 Jul 2018,5.000.000.000,PENGEMBANGAN
555,TDPM,Tridomain Performance Material,09 Apr 2018,10.485.050.500,UTAMA
556,TELE,Tiphone Mobile Indonesia Tbk.,12 Jan 2012,7.302.194.889,UTAMA
557,TFCO,Tifico Fiber Indonesia Tbk.,26 Feb 1980,4.823.076.400,PENGEMBANGAN
558,TGKA,Tigaraksa Satria Tbk.,11 Jun 1990,918.492.750,PENGEMBANGAN
559,TGRA,Terregra Asia Energy Tbk.,16 Mei 2017,2.750.000.000,UTAMA
560,TIFA,Tifa Finance Tbk.,08 Jul 2011,1.079.700.000,PENGEMBANGAN
561,TINS,Timah Tbk.,19 Okt 1995,7.447.753.454,UTAMA
562,TIRA,Tira Austenite Tbk,27 Jul 1993,588.000.000,PENGEMBANGAN
563,TIRT,Tirta Mahakam Resources Tbk,13 Des 1999,1.011.774.750,UTAMA
564,TKIM,Pabrik Kertas Tjiwi Kimia Tbk.,03 Apr 1990,3.113.223.570,UTAMA
565,TLKM,Telekomunikasi Indonesia (Pers,14 Nov 1995,99.062.216.600,UTAMA
566,TMAS,Pelayaran Tempuran Emas Tbk.,09 Jul 2003,1.141.030.000,UTAMA
567,TMPI,Sigmagold Inti Perkasa Tbk.,26 Jan 1995,5.502.083.747,UTAMA
568,TMPO,Tempo Intimedia Tbk.,08 Jan 2001,1.058.333.250,PENGEMBANGAN
569,TNCA,Trimuda Nuansa Citra Tbk.,28 Jun 2018,421.640.000,PENGEMBANGAN
570,TOBA,Toba Bara Sejahtra Tbk.,06 Jul 2012,2.012.491.000,UTAMA
571,TOPS,Totalindo Eka Persada Tbk.,16 Jun 2017,33.330.000.000,UTAMA
572,TOTL,Total Bangun Persada Tbk.,25 Jul 2006,3.410.000.000,UTAMA
573,TOTO,Surya Toto Indonesia Tbk.,30 Okt 1990,10.320.000.000,PENGEMBANGAN
574,TOWR,Sarana Menara Nusantara Tbk.,08 Mar 2010,51.014.625.000,PENGEMBANGAN
575,TPIA,Chandra Asri Petrochemical Tbk,24 Jun 1996,17.833.520.260,PENGEMBANGAN
576,TPMA,Trans Power Marine Tbk.,20 Feb 2013,2.633.300.000,PENGEMBANGAN
577,TRAM,Trada Alam Minera Tbk.,10 Sep 2008,49.633.687.987,UTAMA
578,TRIL,Triwira Insanlestari Tbk.,28 Jan 2008,1.200.000.000,PENGEMBANGAN
579,TRIM,Trimegah Sekuritas Indonesia T,31 Jan 2000,7.109.300.000,UTAMA
580,TRIO,Trikomsel Oke Tbk.,14 Apr 2009,26.007.494.645,UTAMA
581,TRIS,Trisula International Tbk.,28 Jun 2012,1.047.587.802,PENGEMBANGAN
582,TRST,Trias Sentosa Tbk.,02 Jul 1990,2.808.000.000,UTAMA
583,TRUK,Guna Timur Raya Tbk.,23 Mei 2018,435.000.000,PENGEMBANGAN
584,TRUS,Trust Finance Indonesia Tbk,28 Nov 2002,800.000.000,PENGEMBANGAN
585,TSPC,Tempo Scan Pacific Tbk.,17 Jun 1994,4.500.000.000,UTAMA
586,TUGU,Asuransi Tugu Pratama Indonesi,28 Mei 2018,1.777.777.800,PENGEMBANGAN
587,TURI,Tunas Ridean Tbk.,06 Mei 1995,5.580.000.000,UTAMA
588,ULTJ,Ultra Jaya Milk Industry & Tra,02 Jul 1990,11.553.528.000,UTAMA
589,UNIC,Unggul Indah Cahaya Tbk.,06 Nov 1989,383.331.363,UTAMA
590,UNIT,Nusantara Inti Corpora Tbk,18 Apr 2002,75.422.200,PENGEMBANGAN
591,UNSP,Bakrie Sumatera Plantations Tb,06 Mar 1990,2.500.162.344,UTAMA
592,UNTR,United Tractors Tbk.,19 Sep 1989,3.730.135.136,UTAMA
593,UNVR,Unilever Indonesia Tbk.,11 Jan 1982,7.630.000.000,UTAMA
594,URBN,Urban Jakarta Propertindo Tbk.,10 Des 2018,3.203.660.000,PENGEMBANGAN
595,VICO,Victoria Investama Tbk.,08 Jul 2013,9.150.094.680,UTAMA
596,VINS,Victoria Insurance Tbk.,28 Sep 2015,1.453.582.700,PENGEMBANGAN
597,VIVA,Visi Media Asia Tbk.,21 Nov 2011,16.464.270.400,UTAMA
598,VOKS,Voksel Electric Tbk.,20 Des 1990,4.155.602.595,UTAMA
599,VRNA,Verena Multi Finance Tbk.,25 Jun 2008,2.585.160.908,PENGEMBANGAN
600,WAPO,Wahana Pronatural Tbk.,22 Jun 2001,520.000.000,PENGEMBANGAN
601,WEGE,Wijaya Karya Bangunan Gedung T,30 Nov 2017,9.572.000.000,UTAMA
602,WEHA,WEHA Transportasi Indonesia Tb,31 Mei 2007,886.411.265,UTAMA
603,WICO,Wicaksana Overseas Internation,08 Ags 1994,1.268.950.977,PENGEMBANGAN
604,WIIM,Wismilak Inti Makmur Tbk.,18 Des 2012,2.099.873.760,UTAMA
605,WIKA,Wijaya Karya (Persero) Tbk.,29 Okt 2007,8.969.951.372,UTAMA
606,WINS,Wintermar Offshore Marine Tbk.,29 Nov 2010,4.238.011.640,UTAMA
607,WOMF,Wahana Ottomitra Multiartha Tb,13 Des 2004,3.481.481.480,UTAMA
608,WOOD,Integra Indocabinet Tbk.,21 Jun 2017,6.306.250.000,PENGEMBANGAN
609,WSBP,Waskita Beton Precast Tbk.,20 Sep 2016,26.361.157.534,PENGEMBANGAN
610,WSKT,Waskita Karya (Persero) Tbk.,19 Des 2012,13.573.951.000,UTAMA
611,WTON,Wijaya Karya Beton Tbk.,08 Apr 2014,8.715.466.600,UTAMA
612,YELO,Yelooo Integra Datanet Tbk.,29 Okt 2018,380.000.000,PENGEMBANGAN
613,YPAS,Yanaprima Hastapersada Tbk,05 Mar 2008,668.000.089,PENGEMBANGAN
614,YULE,Yulie Sekuritas Indonesia Tbk.,10 Des 2004,1.785.000.000,PENGEMBANGAN
615,ZBRA,Zebra Nusantara Tbk,01 Ags 1991,856.133.009,PENGEMBANGAN
616,ZINC,Kapuas Prima Coal Tbk.,16 Okt 2017,5.050.000.000,PENGEMBANGAN
617,ZONE,Mega Perintis Tbk.,12 Des 2018,797.000.000,PENGEMBANGAN
